Domain Code,Domain,Area Code (FAO),Area,Element Code,Element,Item Code,Item,Year Code,Year,Unit,Value,Flag,Flag Description
"PD","Deflators","21","Brazil","6180","Value Local Currency, 2015 prices","22024","GDP Deflator","1970","1970","LCU","0","Fc","Calculated data"
"PD","Deflators","21","Brazil","6180","Value Local Currency, 2015 prices","22024","GDP Deflator","1971","1971","LCU","0","Fc","Calculated data"
"PD","Deflators","21","Brazil","6180","Value Local Currency, 2015 prices","22024","GDP Deflator","1972","1972","LCU","0","Fc","Calculated data"
"PD","Deflators","21","Brazil","6180","Value Local Currency, 2015 prices","22024","GDP Deflator","1973","1973","LCU","0","Fc","Calculated data"
"PD","Deflators","21","Brazil","6180","Value Local Currency, 2015 prices","22024","GDP Deflator","1974","1974","LCU","0","Fc","Calculated data"
"PD","Deflators","21","Brazil","6180","Value Local Currency, 2015 prices","22024","GDP Deflator","1975","1975","LCU","0","Fc","Calculated data"
"PD","Deflators","21","Brazil","6180","Value Local Currency, 2015 prices","22024","GDP Deflator","1976","1976","LCU","0","Fc","Calculated data"
"PD","Deflators","21","Brazil","6180","Value Local Currency, 2015 prices","22024","GDP Deflator","1977","1977","LCU","0","Fc","Calculated data"
"PD","Deflators","21","Brazil","6180","Value Local Currency, 2015 prices","22024","GDP Deflator","1978","1978","LCU","0","Fc","Calculated data"
"PD","Deflators","21","Brazil","6180","Value Local Currency, 2015 prices","22024","GDP Deflator","1979","1979","LCU","0","Fc","Calculated data"
"PD","Deflators","21","Brazil","6180","Value Local Currency, 2015 prices","22024","GDP Deflator","1980","1980","LCU","0","Fc","Calculated data"
"PD","Deflators","21","Brazil","6180","Value Local Currency, 2015 prices","22024","GDP Deflator","1981","1981","LCU","0","Fc","Calculated data"
"PD","Deflators","21","Brazil","6180","Value Local Currency, 2015 prices","22024","GDP Deflator","1982","1982","LCU","0","Fc","Calculated data"
"PD","Deflators","21","Brazil","6180","Value Local Currency, 2015 prices","22024","GDP Deflator","1983","1983","LCU","0","Fc","Calculated data"
"PD","Deflators","21","Brazil","6180","Value Local Currency, 2015 prices","22024","GDP Deflator","1984","1984","LCU","0","Fc","Calculated data"
"PD","Deflators","21","Brazil","6180","Value Local Currency, 2015 prices","22024","GDP Deflator","1985","1985","LCU","0","Fc","Calculated data"
"PD","Deflators","21","Brazil","6180","Value Local Currency, 2015 prices","22024","GDP Deflator","1986","1986","LCU","0","Fc","Calculated data"
"PD","Deflators","21","Brazil","6180","Value Local Currency, 2015 prices","22024","GDP Deflator","1987","1987","LCU","0","Fc","Calculated data"
"PD","Deflators","21","Brazil","6180","Value Local Currency, 2015 prices","22024","GDP Deflator","1988","1988","LCU","0","Fc","Calculated data"
"PD","Deflators","21","Brazil","6180","Value Local Currency, 2015 prices","22024","GDP Deflator","1989","1989","LCU","0","Fc","Calculated data"
"PD","Deflators","21","Brazil","6180","Value Local Currency, 2015 prices","22024","GDP Deflator","1990","1990","LCU","0.0004","Fc","Calculated data"
"PD","Deflators","21","Brazil","6180","Value Local Currency, 2015 prices","22024","GDP Deflator","1991","1991","LCU","0.0021","Fc","Calculated data"
"PD","Deflators","21","Brazil","6180","Value Local Currency, 2015 prices","22024","GDP Deflator","1992","1992","LCU","0.0228","Fc","Calculated data"
"PD","Deflators","21","Brazil","6180","Value Local Currency, 2015 prices","22024","GDP Deflator","1993","1993","LCU","0.4781","Fc","Calculated data"
"PD","Deflators","21","Brazil","6180","Value Local Currency, 2015 prices","22024","GDP Deflator","1994","1994","LCU","11.1896","Fc","Calculated data"
"PD","Deflators","21","Brazil","6180","Value Local Currency, 2015 prices","22024","GDP Deflator","1995","1995","LCU","19.8669","Fc","Calculated data"
"PD","Deflators","21","Brazil","6180","Value Local Currency, 2015 prices","22024","GDP Deflator","1996","1996","LCU","23.2611","Fc","Calculated data"
"PD","Deflators","21","Brazil","6180","Value Local Currency, 2015 prices","22024","GDP Deflator","1997","1997","LCU","25.0393","Fc","Calculated data"
"PD","Deflators","21","Brazil","6180","Value Local Currency, 2015 prices","22024","GDP Deflator","1998","1998","LCU","26.1","Fc","Calculated data"
"PD","Deflators","21","Brazil","6180","Value Local Currency, 2015 prices","22024","GDP Deflator","1999","1999","LCU","28.3128","Fc","Calculated data"
"PD","Deflators","21","Brazil","6180","Value Local Currency, 2015 prices","22024","GDP Deflator","2000","2000","LCU","30.0618","Fc","Calculated data"
"PD","Deflators","21","Brazil","6180","Value Local Currency, 2015 prices","22024","GDP Deflator","2001","2001","LCU","32.7577","Fc","Calculated data"
"PD","Deflators","21","Brazil","6180","Value Local Currency, 2015 prices","22024","GDP Deflator","2002","2002","LCU","36.2148","Fc","Calculated data"
"PD","Deflators","21","Brazil","6180","Value Local Currency, 2015 prices","22024","GDP Deflator","2003","2003","LCU","41.1859","Fc","Calculated data"
"PD","Deflators","21","Brazil","6180","Value Local Currency, 2015 prices","22024","GDP Deflator","2004","2004","LCU","44.3786","Fc","Calculated data"
"PD","Deflators","21","Brazil","6180","Value Local Currency, 2015 prices","22024","GDP Deflator","2005","2005","LCU","47.6765","Fc","Calculated data"
"PD","Deflators","21","Brazil","6180","Value Local Currency, 2015 prices","22024","GDP Deflator","2006","2006","LCU","50.9063","Fc","Calculated data"
"PD","Deflators","21","Brazil","6180","Value Local Currency, 2015 prices","22024","GDP Deflator","2007","2007","LCU","54.1841","Fc","Calculated data"
"PD","Deflators","21","Brazil","6180","Value Local Currency, 2015 prices","22024","GDP Deflator","2008","2008","LCU","58.9407","Fc","Calculated data"
"PD","Deflators","21","Brazil","6180","Value Local Currency, 2015 prices","22024","GDP Deflator","2009","2009","LCU","63.2513","Fc","Calculated data"
"PD","Deflators","21","Brazil","6180","Value Local Currency, 2015 prices","22024","GDP Deflator","2010","2010","LCU","68.5792","Fc","Calculated data"
"PD","Deflators","21","Brazil","6180","Value Local Currency, 2015 prices","22024","GDP Deflator","2011","2011","LCU","74.284","Fc","Calculated data"
"PD","Deflators","21","Brazil","6180","Value Local Currency, 2015 prices","22024","GDP Deflator","2012","2012","LCU","80.1845","Fc","Calculated data"
"PD","Deflators","21","Brazil","6180","Value Local Currency, 2015 prices","22024","GDP Deflator","2013","2013","LCU","86.202","Fc","Calculated data"
"PD","Deflators","21","Brazil","6180","Value Local Currency, 2015 prices","22024","GDP Deflator","2014","2014","LCU","92.966","Fc","Calculated data"
"PD","Deflators","21","Brazil","6180","Value Local Currency, 2015 prices","22024","GDP Deflator","2015","2015","LCU","100","Fc","Calculated data"
"PD","Deflators","21","Brazil","6180","Value Local Currency, 2015 prices","22024","GDP Deflator","2016","2016","LCU","108.104","Fc","Calculated data"
"PD","Deflators","21","Brazil","6180","Value Local Currency, 2015 prices","22024","GDP Deflator","2017","2017","LCU","112.036","Fc","Calculated data"
"PD","Deflators","21","Brazil","6180","Value Local Currency, 2015 prices","22024","GDP Deflator","2018","2018","LCU","115.717","Fc","Calculated data"
"PD","Deflators","21","Brazil","6180","Value Local Currency, 2015 prices","22024","GDP Deflator","2019","2019","LCU","120.524","Fc","Calculated data"
"PD","Deflators","21","Brazil","6179","Value US$, 2015 prices","22024","GDP Deflator","1970","1970","US$","10.0937","Fc","Calculated data"
"PD","Deflators","21","Brazil","6179","Value US$, 2015 prices","22024","GDP Deflator","1971","1971","US$","10.1258","Fc","Calculated data"
"PD","Deflators","21","Brazil","6179","Value US$, 2015 prices","22024","GDP Deflator","1972","1972","US$","11.6428","Fc","Calculated data"
"PD","Deflators","21","Brazil","6179","Value US$, 2015 prices","22024","GDP Deflator","1973","1973","US$","14.4632","Fc","Calculated data"
"PD","Deflators","21","Brazil","6179","Value US$, 2015 prices","22024","GDP Deflator","1974","1974","US$","17.1452","Fc","Calculated data"
"PD","Deflators","21","Brazil","6179","Value US$, 2015 prices","22024","GDP Deflator","1975","1975","US$","19.17","Fc","Calculated data"
"PD","Deflators","21","Brazil","6179","Value US$, 2015 prices","22024","GDP Deflator","1976","1976","US$","20.5544","Fc","Calculated data"
"PD","Deflators","21","Brazil","6179","Value US$, 2015 prices","22024","GDP Deflator","1977","1977","US$","22.7983","Fc","Calculated data"
"PD","Deflators","21","Brazil","6179","Value US$, 2015 prices","22024","GDP Deflator","1978","1978","US$","24.6598","Fc","Calculated data"
"PD","Deflators","21","Brazil","6179","Value US$, 2015 prices","22024","GDP Deflator","1979","1979","US$","25.4645","Fc","Calculated data"
"PD","Deflators","21","Brazil","6179","Value US$, 2015 prices","22024","GDP Deflator","1980","1980","US$","23.9428","Fc","Calculated data"
"PD","Deflators","21","Brazil","6179","Value US$, 2015 prices","22024","GDP Deflator","1981","1981","US$","29.2184","Fc","Calculated data"
"PD","Deflators","21","Brazil","6179","Value US$, 2015 prices","22024","GDP Deflator","1982","1982","US$","31.7354","Fc","Calculated data"
"PD","Deflators","21","Brazil","6179","Value US$, 2015 prices","22024","GDP Deflator","1983","1983","US$","23.0178","Fc","Calculated data"
"PD","Deflators","21","Brazil","6179","Value US$, 2015 prices","22024","GDP Deflator","1984","1984","US$","22.2015","Fc","Calculated data"
"PD","Deflators","21","Brazil","6179","Value US$, 2015 prices","22024","GDP Deflator","1985","1985","US$","22.0443","Fc","Calculated data"
"PD","Deflators","21","Brazil","6179","Value US$, 2015 prices","22024","GDP Deflator","1986","1986","US$","24.6581","Fc","Calculated data"
"PD","Deflators","21","Brazil","6179","Value US$, 2015 prices","22024","GDP Deflator","1987","1987","US$","26.1122","Fc","Calculated data"
"PD","Deflators","21","Brazil","6179","Value US$, 2015 prices","22024","GDP Deflator","1988","1988","US$","29.1871","Fc","Calculated data"
"PD","Deflators","21","Brazil","6179","Value US$, 2015 prices","22024","GDP Deflator","1989","1989","US$","38.4854","Fc","Calculated data"
"PD","Deflators","21","Brazil","6179","Value US$, 2015 prices","22024","GDP Deflator","1990","1990","US$","43.6016","Fc","Calculated data"
"PD","Deflators","21","Brazil","6179","Value US$, 2015 prices","22024","GDP Deflator","1991","1991","US$","40.1538","Fc","Calculated data"
"PD","Deflators","21","Brazil","6179","Value US$, 2015 prices","22024","GDP Deflator","1992","1992","US$","38.8272","Fc","Calculated data"
"PD","Deflators","21","Brazil","6179","Value US$, 2015 prices","22024","GDP Deflator","1993","1993","US$","41.5593","Fc","Calculated data"
"PD","Deflators","21","Brazil","6179","Value US$, 2015 prices","22024","GDP Deflator","1994","1994","US$","56.0067","Fc","Calculated data"
"PD","Deflators","21","Brazil","6179","Value US$, 2015 prices","22024","GDP Deflator","1995","1995","US$","72.0253","Fc","Calculated data"
"PD","Deflators","21","Brazil","6179","Value US$, 2015 prices","22024","GDP Deflator","1996","1996","US$","76.9948","Fc","Calculated data"
"PD","Deflators","21","Brazil","6179","Value US$, 2015 prices","22024","GDP Deflator","1997","1997","US$","77.2764","Fc","Calculated data"
"PD","Deflators","21","Brazil","6179","Value US$, 2015 prices","22024","GDP Deflator","1998","1998","US$","74.822","Fc","Calculated data"
"PD","Deflators","21","Brazil","6179","Value US$, 2015 prices","22024","GDP Deflator","1999","1999","US$","51.928","Fc","Calculated data"
"PD","Deflators","21","Brazil","6179","Value US$, 2015 prices","22024","GDP Deflator","2000","2000","US$","54.6689","Fc","Calculated data"
"PD","Deflators","21","Brazil","6179","Value US$, 2015 prices","22024","GDP Deflator","2001","2001","US$","46.3825","Fc","Calculated data"
"PD","Deflators","21","Brazil","6179","Value US$, 2015 prices","22024","GDP Deflator","2002","2002","US$","41.2563","Fc","Calculated data"
"PD","Deflators","21","Brazil","6179","Value US$, 2015 prices","22024","GDP Deflator","2003","2003","US$","44.524","Fc","Calculated data"
"PD","Deflators","21","Brazil","6179","Value US$, 2015 prices","22024","GDP Deflator","2004","2004","US$","50.4744","Fc","Calculated data"
"PD","Deflators","21","Brazil","6179","Value US$, 2015 prices","22024","GDP Deflator","2005","2005","US$","65.156","Fc","Calculated data"
"PD","Deflators","21","Brazil","6179","Value US$, 2015 prices","22024","GDP Deflator","2006","2006","US$","77.8551","Fc","Calculated data"
"PD","Deflators","21","Brazil","6179","Value US$, 2015 prices","22024","GDP Deflator","2007","2007","US$","92.5835","Fc","Calculated data"
"PD","Deflators","21","Brazil","6179","Value US$, 2015 prices","22024","GDP Deflator","2008","2008","US$","106.933","Fc","Calculated data"
"PD","Deflators","21","Brazil","6179","Value US$, 2015 prices","22024","GDP Deflator","2009","2009","US$","105.246","Fc","Calculated data"
"PD","Deflators","21","Brazil","6179","Value US$, 2015 prices","22024","GDP Deflator","2010","2010","US$","129.691","Fc","Calculated data"
"PD","Deflators","21","Brazil","6179","Value US$, 2015 prices","22024","GDP Deflator","2011","2011","US$","147.735","Fc","Calculated data"
"PD","Deflators","21","Brazil","6179","Value US$, 2015 prices","22024","GDP Deflator","2012","2012","US$","136.588","Fc","Calculated data"
"PD","Deflators","21","Brazil","6179","Value US$, 2015 prices","22024","GDP Deflator","2013","2013","US$","133.012","Fc","Calculated data"
"PD","Deflators","21","Brazil","6179","Value US$, 2015 prices","22024","GDP Deflator","2014","2014","US$","131.447","Fc","Calculated data"
"PD","Deflators","21","Brazil","6179","Value US$, 2015 prices","22024","GDP Deflator","2015","2015","US$","100","Fc","Calculated data"
"PD","Deflators","21","Brazil","6179","Value US$, 2015 prices","22024","GDP Deflator","2016","2016","US$","103.013","Fc","Calculated data"
"PD","Deflators","21","Brazil","6179","Value US$, 2015 prices","22024","GDP Deflator","2017","2017","US$","116.793","Fc","Calculated data"
"PD","Deflators","21","Brazil","6179","Value US$, 2015 prices","22024","GDP Deflator","2018","2018","US$","105.363","Fc","Calculated data"
"PD","Deflators","21","Brazil","6179","Value US$, 2015 prices","22024","GDP Deflator","2019","2019","US$","102.097","Fc","Calculated data"
"PD","Deflators","21","Brazil","6180","Value Local Currency, 2015 prices","22025","Gross Fixed Capital Formation Deflator","1970","1970","LCU","0","Fc","Calculated data"
"PD","Deflators","21","Brazil","6180","Value Local Currency, 2015 prices","22025","Gross Fixed Capital Formation Deflator","1971","1971","LCU","0","Fc","Calculated data"
"PD","Deflators","21","Brazil","6180","Value Local Currency, 2015 prices","22025","Gross Fixed Capital Formation Deflator","1972","1972","LCU","0","Fc","Calculated data"
"PD","Deflators","21","Brazil","6180","Value Local Currency, 2015 prices","22025","Gross Fixed Capital Formation Deflator","1973","1973","LCU","0","Fc","Calculated data"
"PD","Deflators","21","Brazil","6180","Value Local Currency, 2015 prices","22025","Gross Fixed Capital Formation Deflator","1974","1974","LCU","0","Fc","Calculated data"
"PD","Deflators","21","Brazil","6180","Value Local Currency, 2015 prices","22025","Gross Fixed Capital Formation Deflator","1975","1975","LCU","0","Fc","Calculated data"
"PD","Deflators","21","Brazil","6180","Value Local Currency, 2015 prices","22025","Gross Fixed Capital Formation Deflator","1976","1976","LCU","0","Fc","Calculated data"
"PD","Deflators","21","Brazil","6180","Value Local Currency, 2015 prices","22025","Gross Fixed Capital Formation Deflator","1977","1977","LCU","0","Fc","Calculated data"
"PD","Deflators","21","Brazil","6180","Value Local Currency, 2015 prices","22025","Gross Fixed Capital Formation Deflator","1978","1978","LCU","0","Fc","Calculated data"
"PD","Deflators","21","Brazil","6180","Value Local Currency, 2015 prices","22025","Gross Fixed Capital Formation Deflator","1979","1979","LCU","0","Fc","Calculated data"
"PD","Deflators","21","Brazil","6180","Value Local Currency, 2015 prices","22025","Gross Fixed Capital Formation Deflator","1980","1980","LCU","0","Fc","Calculated data"
"PD","Deflators","21","Brazil","6180","Value Local Currency, 2015 prices","22025","Gross Fixed Capital Formation Deflator","1981","1981","LCU","0","Fc","Calculated data"
"PD","Deflators","21","Brazil","6180","Value Local Currency, 2015 prices","22025","Gross Fixed Capital Formation Deflator","1982","1982","LCU","0","Fc","Calculated data"
"PD","Deflators","21","Brazil","6180","Value Local Currency, 2015 prices","22025","Gross Fixed Capital Formation Deflator","1983","1983","LCU","0","Fc","Calculated data"
"PD","Deflators","21","Brazil","6180","Value Local Currency, 2015 prices","22025","Gross Fixed Capital Formation Deflator","1984","1984","LCU","0","Fc","Calculated data"
"PD","Deflators","21","Brazil","6180","Value Local Currency, 2015 prices","22025","Gross Fixed Capital Formation Deflator","1985","1985","LCU","0","Fc","Calculated data"
"PD","Deflators","21","Brazil","6180","Value Local Currency, 2015 prices","22025","Gross Fixed Capital Formation Deflator","1986","1986","LCU","0","Fc","Calculated data"
"PD","Deflators","21","Brazil","6180","Value Local Currency, 2015 prices","22025","Gross Fixed Capital Formation Deflator","1987","1987","LCU","0","Fc","Calculated data"
"PD","Deflators","21","Brazil","6180","Value Local Currency, 2015 prices","22025","Gross Fixed Capital Formation Deflator","1988","1988","LCU","0","Fc","Calculated data"
"PD","Deflators","21","Brazil","6180","Value Local Currency, 2015 prices","22025","Gross Fixed Capital Formation Deflator","1989","1989","LCU","0","Fc","Calculated data"
"PD","Deflators","21","Brazil","6180","Value Local Currency, 2015 prices","22025","Gross Fixed Capital Formation Deflator","1990","1990","LCU","0.0005","Fc","Calculated data"
"PD","Deflators","21","Brazil","6180","Value Local Currency, 2015 prices","22025","Gross Fixed Capital Formation Deflator","1991","1991","LCU","0.0021","Fc","Calculated data"
"PD","Deflators","21","Brazil","6180","Value Local Currency, 2015 prices","22025","Gross Fixed Capital Formation Deflator","1992","1992","LCU","0.0238","Fc","Calculated data"
"PD","Deflators","21","Brazil","6180","Value Local Currency, 2015 prices","22025","Gross Fixed Capital Formation Deflator","1993","1993","LCU","0.5156","Fc","Calculated data"
"PD","Deflators","21","Brazil","6180","Value Local Currency, 2015 prices","22025","Gross Fixed Capital Formation Deflator","1994","1994","LCU","12.03","Fc","Calculated data"
"PD","Deflators","21","Brazil","6180","Value Local Currency, 2015 prices","22025","Gross Fixed Capital Formation Deflator","1995","1995","LCU","20.5443","Fc","Calculated data"
"PD","Deflators","21","Brazil","6180","Value Local Currency, 2015 prices","22025","Gross Fixed Capital Formation Deflator","1996","1996","LCU","22.2885","Fc","Calculated data"
"PD","Deflators","21","Brazil","6180","Value Local Currency, 2015 prices","22025","Gross Fixed Capital Formation Deflator","1997","1997","LCU","23.486","Fc","Calculated data"
"PD","Deflators","21","Brazil","6180","Value Local Currency, 2015 prices","22025","Gross Fixed Capital Formation Deflator","1998","1998","LCU","24.0061","Fc","Calculated data"
"PD","Deflators","21","Brazil","6180","Value Local Currency, 2015 prices","22025","Gross Fixed Capital Formation Deflator","1999","1999","LCU","26.2393","Fc","Calculated data"
"PD","Deflators","21","Brazil","6180","Value Local Currency, 2015 prices","22025","Gross Fixed Capital Formation Deflator","2000","2000","LCU","29.6872","Fc","Calculated data"
"PD","Deflators","21","Brazil","6180","Value Local Currency, 2015 prices","22025","Gross Fixed Capital Formation Deflator","2001","2001","LCU","33.0818","Fc","Calculated data"
"PD","Deflators","21","Brazil","6180","Value Local Currency, 2015 prices","22025","Gross Fixed Capital Formation Deflator","2002","2002","LCU","38.1177","Fc","Calculated data"
"PD","Deflators","21","Brazil","6180","Value Local Currency, 2015 prices","22025","Gross Fixed Capital Formation Deflator","2003","2003","LCU","42.849","Fc","Calculated data"
"PD","Deflators","21","Brazil","6180","Value Local Currency, 2015 prices","22025","Gross Fixed Capital Formation Deflator","2004","2004","LCU","46.9495","Fc","Calculated data"
"PD","Deflators","21","Brazil","6180","Value Local Currency, 2015 prices","22025","Gross Fixed Capital Formation Deflator","2005","2005","LCU","50.2764","Fc","Calculated data"
"PD","Deflators","21","Brazil","6180","Value Local Currency, 2015 prices","22025","Gross Fixed Capital Formation Deflator","2006","2006","LCU","52.7968","Fc","Calculated data"
"PD","Deflators","21","Brazil","6180","Value Local Currency, 2015 prices","22025","Gross Fixed Capital Formation Deflator","2007","2007","LCU","55.6735","Fc","Calculated data"
"PD","Deflators","21","Brazil","6180","Value Local Currency, 2015 prices","22025","Gross Fixed Capital Formation Deflator","2008","2008","LCU","61.0583","Fc","Calculated data"
"PD","Deflators","21","Brazil","6180","Value Local Currency, 2015 prices","22025","Gross Fixed Capital Formation Deflator","2009","2009","LCU","65.8907","Fc","Calculated data"
"PD","Deflators","21","Brazil","6180","Value Local Currency, 2015 prices","22025","Gross Fixed Capital Formation Deflator","2010","2010","LCU","70.0706","Fc","Calculated data"
"PD","Deflators","21","Brazil","6180","Value Local Currency, 2015 prices","22025","Gross Fixed Capital Formation Deflator","2011","2011","LCU","74.1351","Fc","Calculated data"
"PD","Deflators","21","Brazil","6180","Value Local Currency, 2015 prices","22025","Gross Fixed Capital Formation Deflator","2012","2012","LCU","81.354","Fc","Calculated data"
"PD","Deflators","21","Brazil","6180","Value Local Currency, 2015 prices","22025","Gross Fixed Capital Formation Deflator","2013","2013","LCU","85.9289","Fc","Calculated data"
"PD","Deflators","21","Brazil","6180","Value Local Currency, 2015 prices","22025","Gross Fixed Capital Formation Deflator","2014","2014","LCU","92.4151","Fc","Calculated data"
"PD","Deflators","21","Brazil","6180","Value Local Currency, 2015 prices","22025","Gross Fixed Capital Formation Deflator","2015","2015","LCU","100","Fc","Calculated data"
"PD","Deflators","21","Brazil","6180","Value Local Currency, 2015 prices","22025","Gross Fixed Capital Formation Deflator","2016","2016","LCU","103.575","Fc","Calculated data"
"PD","Deflators","21","Brazil","6180","Value Local Currency, 2015 prices","22025","Gross Fixed Capital Formation Deflator","2017","2017","LCU","104.71","Fc","Calculated data"
"PD","Deflators","21","Brazil","6180","Value Local Currency, 2015 prices","22025","Gross Fixed Capital Formation Deflator","2018","2018","LCU","110.325","Fc","Calculated data"
"PD","Deflators","21","Brazil","6180","Value Local Currency, 2015 prices","22025","Gross Fixed Capital Formation Deflator","2019","2019","LCU","114.56","Fc","Calculated data"
"PD","Deflators","21","Brazil","6179","Value US$, 2015 prices","22025","Gross Fixed Capital Formation Deflator","1970","1970","US$","8.7785","Fc","Calculated data"
"PD","Deflators","21","Brazil","6179","Value US$, 2015 prices","22025","Gross Fixed Capital Formation Deflator","1971","1971","US$","8.9891","Fc","Calculated data"
"PD","Deflators","21","Brazil","6179","Value US$, 2015 prices","22025","Gross Fixed Capital Formation Deflator","1972","1972","US$","10.1219","Fc","Calculated data"
"PD","Deflators","21","Brazil","6179","Value US$, 2015 prices","22025","Gross Fixed Capital Formation Deflator","1973","1973","US$","11.8661","Fc","Calculated data"
"PD","Deflators","21","Brazil","6179","Value US$, 2015 prices","22025","Gross Fixed Capital Formation Deflator","1974","1974","US$","14.4056","Fc","Calculated data"
"PD","Deflators","21","Brazil","6179","Value US$, 2015 prices","22025","Gross Fixed Capital Formation Deflator","1975","1975","US$","16.4859","Fc","Calculated data"
"PD","Deflators","21","Brazil","6179","Value US$, 2015 prices","22025","Gross Fixed Capital Formation Deflator","1976","1976","US$","17.4998","Fc","Calculated data"
"PD","Deflators","21","Brazil","6179","Value US$, 2015 prices","22025","Gross Fixed Capital Formation Deflator","1977","1977","US$","19.6215","Fc","Calculated data"
"PD","Deflators","21","Brazil","6179","Value US$, 2015 prices","22025","Gross Fixed Capital Formation Deflator","1978","1978","US$","22.1856","Fc","Calculated data"
"PD","Deflators","21","Brazil","6179","Value US$, 2015 prices","22025","Gross Fixed Capital Formation Deflator","1979","1979","US$","24.7019","Fc","Calculated data"
"PD","Deflators","21","Brazil","6179","Value US$, 2015 prices","22025","Gross Fixed Capital Formation Deflator","1980","1980","US$","23.9285","Fc","Calculated data"
"PD","Deflators","21","Brazil","6179","Value US$, 2015 prices","22025","Gross Fixed Capital Formation Deflator","1981","1981","US$","28.2908","Fc","Calculated data"
"PD","Deflators","21","Brazil","6179","Value US$, 2015 prices","22025","Gross Fixed Capital Formation Deflator","1982","1982","US$","31.4955","Fc","Calculated data"
"PD","Deflators","21","Brazil","6179","Value US$, 2015 prices","22025","Gross Fixed Capital Formation Deflator","1983","1983","US$","23.4203","Fc","Calculated data"
"PD","Deflators","21","Brazil","6179","Value US$, 2015 prices","22025","Gross Fixed Capital Formation Deflator","1984","1984","US$","21.9789","Fc","Calculated data"
"PD","Deflators","21","Brazil","6179","Value US$, 2015 prices","22025","Gross Fixed Capital Formation Deflator","1985","1985","US$","21.3321","Fc","Calculated data"
"PD","Deflators","21","Brazil","6179","Value US$, 2015 prices","22025","Gross Fixed Capital Formation Deflator","1986","1986","US$","23.6091","Fc","Calculated data"
"PD","Deflators","21","Brazil","6179","Value US$, 2015 prices","22025","Gross Fixed Capital Formation Deflator","1987","1987","US$","30.7047","Fc","Calculated data"
"PD","Deflators","21","Brazil","6179","Value US$, 2015 prices","22025","Gross Fixed Capital Formation Deflator","1988","1988","US$","36.8917","Fc","Calculated data"
"PD","Deflators","21","Brazil","6179","Value US$, 2015 prices","22025","Gross Fixed Capital Formation Deflator","1989","1989","US$","54.0429","Fc","Calculated data"
"PD","Deflators","21","Brazil","6179","Value US$, 2015 prices","22025","Gross Fixed Capital Formation Deflator","1990","1990","US$","57.1529","Fc","Calculated data"
"PD","Deflators","21","Brazil","6179","Value US$, 2015 prices","22025","Gross Fixed Capital Formation Deflator","1991","1991","US$","38.8493","Fc","Calculated data"
"PD","Deflators","21","Brazil","6179","Value US$, 2015 prices","22025","Gross Fixed Capital Formation Deflator","1992","1992","US$","40.5452","Fc","Calculated data"
"PD","Deflators","21","Brazil","6179","Value US$, 2015 prices","22025","Gross Fixed Capital Formation Deflator","1993","1993","US$","44.8174","Fc","Calculated data"
"PD","Deflators","21","Brazil","6179","Value US$, 2015 prices","22025","Gross Fixed Capital Formation Deflator","1994","1994","US$","60.2129","Fc","Calculated data"
"PD","Deflators","21","Brazil","6179","Value US$, 2015 prices","22025","Gross Fixed Capital Formation Deflator","1995","1995","US$","74.4812","Fc","Calculated data"
"PD","Deflators","21","Brazil","6179","Value US$, 2015 prices","22025","Gross Fixed Capital Formation Deflator","1996","1996","US$","73.7754","Fc","Calculated data"
"PD","Deflators","21","Brazil","6179","Value US$, 2015 prices","22025","Gross Fixed Capital Formation Deflator","1997","1997","US$","72.4826","Fc","Calculated data"
"PD","Deflators","21","Brazil","6179","Value US$, 2015 prices","22025","Gross Fixed Capital Formation Deflator","1998","1998","US$","68.8193","Fc","Calculated data"
"PD","Deflators","21","Brazil","6179","Value US$, 2015 prices","22025","Gross Fixed Capital Formation Deflator","1999","1999","US$","48.1251","Fc","Calculated data"
"PD","Deflators","21","Brazil","6179","Value US$, 2015 prices","22025","Gross Fixed Capital Formation Deflator","2000","2000","US$","53.9877","Fc","Calculated data"
"PD","Deflators","21","Brazil","6179","Value US$, 2015 prices","22025","Gross Fixed Capital Formation Deflator","2001","2001","US$","46.8414","Fc","Calculated data"
"PD","Deflators","21","Brazil","6179","Value US$, 2015 prices","22025","Gross Fixed Capital Formation Deflator","2002","2002","US$","43.4241","Fc","Calculated data"
"PD","Deflators","21","Brazil","6179","Value US$, 2015 prices","22025","Gross Fixed Capital Formation Deflator","2003","2003","US$","46.3219","Fc","Calculated data"
"PD","Deflators","21","Brazil","6179","Value US$, 2015 prices","22025","Gross Fixed Capital Formation Deflator","2004","2004","US$","53.3984","Fc","Calculated data"
"PD","Deflators","21","Brazil","6179","Value US$, 2015 prices","22025","Gross Fixed Capital Formation Deflator","2005","2005","US$","68.7092","Fc","Calculated data"
"PD","Deflators","21","Brazil","6179","Value US$, 2015 prices","22025","Gross Fixed Capital Formation Deflator","2006","2006","US$","80.7464","Fc","Calculated data"
"PD","Deflators","21","Brazil","6179","Value US$, 2015 prices","22025","Gross Fixed Capital Formation Deflator","2007","2007","US$","95.1284","Fc","Calculated data"
"PD","Deflators","21","Brazil","6179","Value US$, 2015 prices","22025","Gross Fixed Capital Formation Deflator","2008","2008","US$","110.775","Fc","Calculated data"
"PD","Deflators","21","Brazil","6179","Value US$, 2015 prices","22025","Gross Fixed Capital Formation Deflator","2009","2009","US$","109.637","Fc","Calculated data"
"PD","Deflators","21","Brazil","6179","Value US$, 2015 prices","22025","Gross Fixed Capital Formation Deflator","2010","2010","US$","132.512","Fc","Calculated data"
"PD","Deflators","21","Brazil","6179","Value US$, 2015 prices","22025","Gross Fixed Capital Formation Deflator","2011","2011","US$","147.439","Fc","Calculated data"
"PD","Deflators","21","Brazil","6179","Value US$, 2015 prices","22025","Gross Fixed Capital Formation Deflator","2012","2012","US$","138.58","Fc","Calculated data"
"PD","Deflators","21","Brazil","6179","Value US$, 2015 prices","22025","Gross Fixed Capital Formation Deflator","2013","2013","US$","132.591","Fc","Calculated data"
"PD","Deflators","21","Brazil","6179","Value US$, 2015 prices","22025","Gross Fixed Capital Formation Deflator","2014","2014","US$","130.668","Fc","Calculated data"
"PD","Deflators","21","Brazil","6179","Value US$, 2015 prices","22025","Gross Fixed Capital Formation Deflator","2015","2015","US$","100","Fc","Calculated data"
"PD","Deflators","21","Brazil","6179","Value US$, 2015 prices","22025","Gross Fixed Capital Formation Deflator","2016","2016","US$","98.6972","Fc","Calculated data"
"PD","Deflators","21","Brazil","6179","Value US$, 2015 prices","22025","Gross Fixed Capital Formation Deflator","2017","2017","US$","109.156","Fc","Calculated data"
"PD","Deflators","21","Brazil","6179","Value US$, 2015 prices","22025","Gross Fixed Capital Formation Deflator","2018","2018","US$","100.454","Fc","Calculated data"
"PD","Deflators","21","Brazil","6179","Value US$, 2015 prices","22025","Gross Fixed Capital Formation Deflator","2019","2019","US$","97.0456","Fc","Calculated data"
"PD","Deflators","21","Brazil","6180","Value Local Currency, 2015 prices","22026","Value Added Deflator (Agriculture, forestry and fishery)","1970","1970","LCU","0","Fc","Calculated data"
"PD","Deflators","21","Brazil","6180","Value Local Currency, 2015 prices","22026","Value Added Deflator (Agriculture, forestry and fishery)","1971","1971","LCU","0","Fc","Calculated data"
"PD","Deflators","21","Brazil","6180","Value Local Currency, 2015 prices","22026","Value Added Deflator (Agriculture, forestry and fishery)","1972","1972","LCU","0","Fc","Calculated data"
"PD","Deflators","21","Brazil","6180","Value Local Currency, 2015 prices","22026","Value Added Deflator (Agriculture, forestry and fishery)","1973","1973","LCU","0","Fc","Calculated data"
"PD","Deflators","21","Brazil","6180","Value Local Currency, 2015 prices","22026","Value Added Deflator (Agriculture, forestry and fishery)","1974","1974","LCU","0","Fc","Calculated data"
"PD","Deflators","21","Brazil","6180","Value Local Currency, 2015 prices","22026","Value Added Deflator (Agriculture, forestry and fishery)","1975","1975","LCU","0","Fc","Calculated data"
"PD","Deflators","21","Brazil","6180","Value Local Currency, 2015 prices","22026","Value Added Deflator (Agriculture, forestry and fishery)","1976","1976","LCU","0","Fc","Calculated data"
"PD","Deflators","21","Brazil","6180","Value Local Currency, 2015 prices","22026","Value Added Deflator (Agriculture, forestry and fishery)","1977","1977","LCU","0","Fc","Calculated data"
"PD","Deflators","21","Brazil","6180","Value Local Currency, 2015 prices","22026","Value Added Deflator (Agriculture, forestry and fishery)","1978","1978","LCU","0","Fc","Calculated data"
"PD","Deflators","21","Brazil","6180","Value Local Currency, 2015 prices","22026","Value Added Deflator (Agriculture, forestry and fishery)","1979","1979","LCU","0","Fc","Calculated data"
"PD","Deflators","21","Brazil","6180","Value Local Currency, 2015 prices","22026","Value Added Deflator (Agriculture, forestry and fishery)","1980","1980","LCU","0","Fc","Calculated data"
"PD","Deflators","21","Brazil","6180","Value Local Currency, 2015 prices","22026","Value Added Deflator (Agriculture, forestry and fishery)","1981","1981","LCU","0","Fc","Calculated data"
"PD","Deflators","21","Brazil","6180","Value Local Currency, 2015 prices","22026","Value Added Deflator (Agriculture, forestry and fishery)","1982","1982","LCU","0","Fc","Calculated data"
"PD","Deflators","21","Brazil","6180","Value Local Currency, 2015 prices","22026","Value Added Deflator (Agriculture, forestry and fishery)","1983","1983","LCU","0","Fc","Calculated data"
"PD","Deflators","21","Brazil","6180","Value Local Currency, 2015 prices","22026","Value Added Deflator (Agriculture, forestry and fishery)","1984","1984","LCU","0","Fc","Calculated data"
"PD","Deflators","21","Brazil","6180","Value Local Currency, 2015 prices","22026","Value Added Deflator (Agriculture, forestry and fishery)","1985","1985","LCU","0","Fc","Calculated data"
"PD","Deflators","21","Brazil","6180","Value Local Currency, 2015 prices","22026","Value Added Deflator (Agriculture, forestry and fishery)","1986","1986","LCU","0","Fc","Calculated data"
"PD","Deflators","21","Brazil","6180","Value Local Currency, 2015 prices","22026","Value Added Deflator (Agriculture, forestry and fishery)","1987","1987","LCU","0","Fc","Calculated data"
"PD","Deflators","21","Brazil","6180","Value Local Currency, 2015 prices","22026","Value Added Deflator (Agriculture, forestry and fishery)","1988","1988","LCU","0","Fc","Calculated data"
"PD","Deflators","21","Brazil","6180","Value Local Currency, 2015 prices","22026","Value Added Deflator (Agriculture, forestry and fishery)","1989","1989","LCU","0","Fc","Calculated data"
"PD","Deflators","21","Brazil","6180","Value Local Currency, 2015 prices","22026","Value Added Deflator (Agriculture, forestry and fishery)","1990","1990","LCU","0.0011","Fc","Calculated data"
"PD","Deflators","21","Brazil","6180","Value Local Currency, 2015 prices","22026","Value Added Deflator (Agriculture, forestry and fishery)","1991","1991","LCU","0.0063","Fc","Calculated data"
"PD","Deflators","21","Brazil","6180","Value Local Currency, 2015 prices","22026","Value Added Deflator (Agriculture, forestry and fishery)","1992","1992","LCU","0.0432","Fc","Calculated data"
"PD","Deflators","21","Brazil","6180","Value Local Currency, 2015 prices","22026","Value Added Deflator (Agriculture, forestry and fishery)","1993","1993","LCU","0.9285","Fc","Calculated data"
"PD","Deflators","21","Brazil","6180","Value Local Currency, 2015 prices","22026","Value Added Deflator (Agriculture, forestry and fishery)","1994","1994","LCU","27.5324","Fc","Calculated data"
"PD","Deflators","21","Brazil","6180","Value Local Currency, 2015 prices","22026","Value Added Deflator (Agriculture, forestry and fishery)","1995","1995","LCU","26.8325","Fc","Calculated data"
"PD","Deflators","21","Brazil","6180","Value Local Currency, 2015 prices","22026","Value Added Deflator (Agriculture, forestry and fishery)","1996","1996","LCU","30.0234","Fc","Calculated data"
"PD","Deflators","21","Brazil","6180","Value Local Currency, 2015 prices","22026","Value Added Deflator (Agriculture, forestry and fishery)","1997","1997","LCU","32.5923","Fc","Calculated data"
"PD","Deflators","21","Brazil","6180","Value Local Currency, 2015 prices","22026","Value Added Deflator (Agriculture, forestry and fishery)","1998","1998","LCU","33.6421","Fc","Calculated data"
"PD","Deflators","21","Brazil","6180","Value Local Currency, 2015 prices","22026","Value Added Deflator (Agriculture, forestry and fishery)","1999","1999","LCU","33.52","Fc","Calculated data"
"PD","Deflators","21","Brazil","6180","Value Local Currency, 2015 prices","22026","Value Added Deflator (Agriculture, forestry and fishery)","2000","2000","LCU","36.7818","Fc","Calculated data"
"PD","Deflators","21","Brazil","6180","Value Local Currency, 2015 prices","22026","Value Added Deflator (Agriculture, forestry and fishery)","2001","2001","LCU","40.4823","Fc","Calculated data"
"PD","Deflators","21","Brazil","6180","Value Local Currency, 2015 prices","22026","Value Added Deflator (Agriculture, forestry and fishery)","2002","2002","LCU","47.894","Fc","Calculated data"
"PD","Deflators","21","Brazil","6180","Value Local Currency, 2015 prices","22026","Value Added Deflator (Agriculture, forestry and fishery)","2003","2003","LCU","58.3579","Fc","Calculated data"
"PD","Deflators","21","Brazil","6180","Value Local Currency, 2015 prices","22026","Value Added Deflator (Agriculture, forestry and fishery)","2004","2004","LCU","59.8932","Fc","Calculated data"
"PD","Deflators","21","Brazil","6180","Value Local Currency, 2015 prices","22026","Value Added Deflator (Agriculture, forestry and fishery)","2005","2005","LCU","53.9135","Fc","Calculated data"
"PD","Deflators","21","Brazil","6180","Value Local Currency, 2015 prices","22026","Value Added Deflator (Agriculture, forestry and fishery)","2006","2006","LCU","53.7364","Fc","Calculated data"
"PD","Deflators","21","Brazil","6180","Value Local Currency, 2015 prices","22026","Value Added Deflator (Agriculture, forestry and fishery)","2007","2007","LCU","59.3906","Fc","Calculated data"
"PD","Deflators","21","Brazil","6180","Value Local Currency, 2015 prices","22026","Value Added Deflator (Agriculture, forestry and fishery)","2008","2008","LCU","66.3842","Fc","Calculated data"
"PD","Deflators","21","Brazil","6180","Value Local Currency, 2015 prices","22026","Value Added Deflator (Agriculture, forestry and fishery)","2009","2009","LCU","72.4316","Fc","Calculated data"
"PD","Deflators","21","Brazil","6180","Value Local Currency, 2015 prices","22026","Value Added Deflator (Agriculture, forestry and fishery)","2010","2010","LCU","72.7623","Fc","Calculated data"
"PD","Deflators","21","Brazil","6180","Value Local Currency, 2015 prices","22026","Value Added Deflator (Agriculture, forestry and fishery)","2011","2011","LCU","81.8384","Fc","Calculated data"
"PD","Deflators","21","Brazil","6180","Value Local Currency, 2015 prices","22026","Value Added Deflator (Agriculture, forestry and fishery)","2012","2012","LCU","89.1829","Fc","Calculated data"
"PD","Deflators","21","Brazil","6180","Value Local Currency, 2015 prices","22026","Value Added Deflator (Agriculture, forestry and fishery)","2013","2013","LCU","98.5385","Fc","Calculated data"
"PD","Deflators","21","Brazil","6180","Value Local Currency, 2015 prices","22026","Value Added Deflator (Agriculture, forestry and fishery)","2014","2014","LCU","99.727","Fc","Calculated data"
"PD","Deflators","21","Brazil","6180","Value Local Currency, 2015 prices","22026","Value Added Deflator (Agriculture, forestry and fishery)","2015","2015","LCU","100","Fc","Calculated data"
"PD","Deflators","21","Brazil","6180","Value Local Currency, 2015 prices","22026","Value Added Deflator (Agriculture, forestry and fishery)","2016","2016","LCU","124.942","Fc","Calculated data"
"PD","Deflators","21","Brazil","6180","Value Local Currency, 2015 prices","22026","Value Added Deflator (Agriculture, forestry and fishery)","2017","2017","LCU","108.137","Fc","Calculated data"
"PD","Deflators","21","Brazil","6180","Value Local Currency, 2015 prices","22026","Value Added Deflator (Agriculture, forestry and fishery)","2018","2018","LCU","107.182","Fc","Calculated data"
"PD","Deflators","21","Brazil","6180","Value Local Currency, 2015 prices","22026","Value Added Deflator (Agriculture, forestry and fishery)","2019","2019","LCU","111.962","Fc","Calculated data"
"PD","Deflators","21","Brazil","6179","Value US$, 2015 prices","22026","Value Added Deflator (Agriculture, forestry and fishery)","1970","1970","US$","23.2925","Fc","Calculated data"
"PD","Deflators","21","Brazil","6179","Value US$, 2015 prices","22026","Value Added Deflator (Agriculture, forestry and fishery)","1971","1971","US$","25.2921","Fc","Calculated data"
"PD","Deflators","21","Brazil","6179","Value US$, 2015 prices","22026","Value Added Deflator (Agriculture, forestry and fishery)","1972","1972","US$","31.3783","Fc","Calculated data"
"PD","Deflators","21","Brazil","6179","Value US$, 2015 prices","22026","Value Added Deflator (Agriculture, forestry and fishery)","1973","1973","US$","43.4724","Fc","Calculated data"
"PD","Deflators","21","Brazil","6179","Value US$, 2015 prices","22026","Value Added Deflator (Agriculture, forestry and fishery)","1974","1974","US$","53.7702","Fc","Calculated data"
"PD","Deflators","21","Brazil","6179","Value US$, 2015 prices","22026","Value Added Deflator (Agriculture, forestry and fishery)","1975","1975","US$","56.8996","Fc","Calculated data"
"PD","Deflators","21","Brazil","6179","Value US$, 2015 prices","22026","Value Added Deflator (Agriculture, forestry and fishery)","1976","1976","US$","66.2133","Fc","Calculated data"
"PD","Deflators","21","Brazil","6179","Value US$, 2015 prices","22026","Value Added Deflator (Agriculture, forestry and fishery)","1977","1977","US$","80.1067","Fc","Calculated data"
"PD","Deflators","21","Brazil","6179","Value US$, 2015 prices","22026","Value Added Deflator (Agriculture, forestry and fishery)","1978","1978","US$","77.0334","Fc","Calculated data"
"PD","Deflators","21","Brazil","6179","Value US$, 2015 prices","22026","Value Added Deflator (Agriculture, forestry and fishery)","1979","1979","US$","79.2033","Fc","Calculated data"
"PD","Deflators","21","Brazil","6179","Value US$, 2015 prices","22026","Value Added Deflator (Agriculture, forestry and fishery)","1980","1980","US$","75.6786","Fc","Calculated data"
"PD","Deflators","21","Brazil","6179","Value US$, 2015 prices","22026","Value Added Deflator (Agriculture, forestry and fishery)","1981","1981","US$","84.1466","Fc","Calculated data"
"PD","Deflators","21","Brazil","6179","Value US$, 2015 prices","22026","Value Added Deflator (Agriculture, forestry and fishery)","1982","1982","US$","77.3036","Fc","Calculated data"
"PD","Deflators","21","Brazil","6179","Value US$, 2015 prices","22026","Value Added Deflator (Agriculture, forestry and fishery)","1983","1983","US$","75.0525","Fc","Calculated data"
"PD","Deflators","21","Brazil","6179","Value US$, 2015 prices","22026","Value Added Deflator (Agriculture, forestry and fishery)","1984","1984","US$","77.6373","Fc","Calculated data"
"PD","Deflators","21","Brazil","6179","Value US$, 2015 prices","22026","Value Added Deflator (Agriculture, forestry and fishery)","1985","1985","US$","70.8035","Fc","Calculated data"
"PD","Deflators","21","Brazil","6179","Value US$, 2015 prices","22026","Value Added Deflator (Agriculture, forestry and fishery)","1986","1986","US$","87.0704","Fc","Calculated data"
"PD","Deflators","21","Brazil","6179","Value US$, 2015 prices","22026","Value Added Deflator (Agriculture, forestry and fishery)","1987","1987","US$","75.5636","Fc","Calculated data"
"PD","Deflators","21","Brazil","6179","Value US$, 2015 prices","22026","Value Added Deflator (Agriculture, forestry and fishery)","1988","1988","US$","88.1398","Fc","Calculated data"
"PD","Deflators","21","Brazil","6179","Value US$, 2015 prices","22026","Value Added Deflator (Agriculture, forestry and fishery)","1989","1989","US$","101.072","Fc","Calculated data"
"PD","Deflators","21","Brazil","6179","Value US$, 2015 prices","22026","Value Added Deflator (Agriculture, forestry and fishery)","1990","1990","US$","128.267","Fc","Calculated data"
"PD","Deflators","21","Brazil","6179","Value US$, 2015 prices","22026","Value Added Deflator (Agriculture, forestry and fishery)","1991","1991","US$","119.147","Fc","Calculated data"
"PD","Deflators","21","Brazil","6179","Value US$, 2015 prices","22026","Value Added Deflator (Agriculture, forestry and fishery)","1992","1992","US$","73.5127","Fc","Calculated data"
"PD","Deflators","21","Brazil","6179","Value US$, 2015 prices","22026","Value Added Deflator (Agriculture, forestry and fishery)","1993","1993","US$","80.7008","Fc","Calculated data"
"PD","Deflators","21","Brazil","6179","Value US$, 2015 prices","22026","Value Added Deflator (Agriculture, forestry and fishery)","1994","1994","US$","137.806","Fc","Calculated data"
"PD","Deflators","21","Brazil","6179","Value US$, 2015 prices","22026","Value Added Deflator (Agriculture, forestry and fishery)","1995","1995","US$","97.2786","Fc","Calculated data"
"PD","Deflators","21","Brazil","6179","Value US$, 2015 prices","22026","Value Added Deflator (Agriculture, forestry and fishery)","1996","1996","US$","99.3782","Fc","Calculated data"
"PD","Deflators","21","Brazil","6179","Value US$, 2015 prices","22026","Value Added Deflator (Agriculture, forestry and fishery)","1997","1997","US$","100.587","Fc","Calculated data"
"PD","Deflators","21","Brazil","6179","Value US$, 2015 prices","22026","Value Added Deflator (Agriculture, forestry and fishery)","1998","1998","US$","96.4434","Fc","Calculated data"
"PD","Deflators","21","Brazil","6179","Value US$, 2015 prices","22026","Value Added Deflator (Agriculture, forestry and fishery)","1999","1999","US$","61.4785","Fc","Calculated data"
"PD","Deflators","21","Brazil","6179","Value US$, 2015 prices","22026","Value Added Deflator (Agriculture, forestry and fishery)","2000","2000","US$","66.8896","Fc","Calculated data"
"PD","Deflators","21","Brazil","6179","Value US$, 2015 prices","22026","Value Added Deflator (Agriculture, forestry and fishery)","2001","2001","US$","57.3199","Fc","Calculated data"
"PD","Deflators","21","Brazil","6179","Value US$, 2015 prices","22026","Value Added Deflator (Agriculture, forestry and fishery)","2002","2002","US$","54.5613","Fc","Calculated data"
"PD","Deflators","21","Brazil","6179","Value US$, 2015 prices","22026","Value Added Deflator (Agriculture, forestry and fishery)","2003","2003","US$","63.0878","Fc","Calculated data"
"PD","Deflators","21","Brazil","6179","Value US$, 2015 prices","22026","Value Added Deflator (Agriculture, forestry and fishery)","2004","2004","US$","68.1199","Fc","Calculated data"
"PD","Deflators","21","Brazil","6179","Value US$, 2015 prices","22026","Value Added Deflator (Agriculture, forestry and fishery)","2005","2005","US$","73.6796","Fc","Calculated data"
"PD","Deflators","21","Brazil","6179","Value US$, 2015 prices","22026","Value Added Deflator (Agriculture, forestry and fishery)","2006","2006","US$","82.1834","Fc","Calculated data"
"PD","Deflators","21","Brazil","6179","Value US$, 2015 prices","22026","Value Added Deflator (Agriculture, forestry and fishery)","2007","2007","US$","101.48","Fc","Calculated data"
"PD","Deflators","21","Brazil","6179","Value US$, 2015 prices","22026","Value Added Deflator (Agriculture, forestry and fishery)","2008","2008","US$","120.437","Fc","Calculated data"
"PD","Deflators","21","Brazil","6179","Value US$, 2015 prices","22026","Value Added Deflator (Agriculture, forestry and fishery)","2009","2009","US$","120.521","Fc","Calculated data"
"PD","Deflators","21","Brazil","6179","Value US$, 2015 prices","22026","Value Added Deflator (Agriculture, forestry and fishery)","2010","2010","US$","137.602","Fc","Calculated data"
"PD","Deflators","21","Brazil","6179","Value US$, 2015 prices","22026","Value Added Deflator (Agriculture, forestry and fishery)","2011","2011","US$","162.759","Fc","Calculated data"
"PD","Deflators","21","Brazil","6179","Value US$, 2015 prices","22026","Value Added Deflator (Agriculture, forestry and fishery)","2012","2012","US$","151.916","Fc","Calculated data"
"PD","Deflators","21","Brazil","6179","Value US$, 2015 prices","22026","Value Added Deflator (Agriculture, forestry and fishery)","2013","2013","US$","152.048","Fc","Calculated data"
"PD","Deflators","21","Brazil","6179","Value US$, 2015 prices","22026","Value Added Deflator (Agriculture, forestry and fishery)","2014","2014","US$","141.007","Fc","Calculated data"
"PD","Deflators","21","Brazil","6179","Value US$, 2015 prices","22026","Value Added Deflator (Agriculture, forestry and fishery)","2015","2015","US$","100","Fc","Calculated data"
"PD","Deflators","21","Brazil","6179","Value US$, 2015 prices","22026","Value Added Deflator (Agriculture, forestry and fishery)","2016","2016","US$","119.058","Fc","Calculated data"
"PD","Deflators","21","Brazil","6179","Value US$, 2015 prices","22026","Value Added Deflator (Agriculture, forestry and fishery)","2017","2017","US$","112.729","Fc","Calculated data"
"PD","Deflators","21","Brazil","6179","Value US$, 2015 prices","22026","Value Added Deflator (Agriculture, forestry and fishery)","2018","2018","US$","97.5923","Fc","Calculated data"
"PD","Deflators","21","Brazil","6179","Value US$, 2015 prices","22026","Value Added Deflator (Agriculture, forestry and fishery)","2019","2019","US$","94.8449","Fc","Calculated data"
"PD","Deflators","21","Brazil","6180","Value Local Currency, 2015 prices","22028","Value Added Deflator (Manufacturing)","1970","1970","LCU","0","Fc","Calculated data"
"PD","Deflators","21","Brazil","6180","Value Local Currency, 2015 prices","22028","Value Added Deflator (Manufacturing)","1971","1971","LCU","0","Fc","Calculated data"
"PD","Deflators","21","Brazil","6180","Value Local Currency, 2015 prices","22028","Value Added Deflator (Manufacturing)","1972","1972","LCU","0","Fc","Calculated data"
"PD","Deflators","21","Brazil","6180","Value Local Currency, 2015 prices","22028","Value Added Deflator (Manufacturing)","1973","1973","LCU","0","Fc","Calculated data"
"PD","Deflators","21","Brazil","6180","Value Local Currency, 2015 prices","22028","Value Added Deflator (Manufacturing)","1974","1974","LCU","0","Fc","Calculated data"
"PD","Deflators","21","Brazil","6180","Value Local Currency, 2015 prices","22028","Value Added Deflator (Manufacturing)","1975","1975","LCU","0","Fc","Calculated data"
"PD","Deflators","21","Brazil","6180","Value Local Currency, 2015 prices","22028","Value Added Deflator (Manufacturing)","1976","1976","LCU","0","Fc","Calculated data"
"PD","Deflators","21","Brazil","6180","Value Local Currency, 2015 prices","22028","Value Added Deflator (Manufacturing)","1977","1977","LCU","0","Fc","Calculated data"
"PD","Deflators","21","Brazil","6180","Value Local Currency, 2015 prices","22028","Value Added Deflator (Manufacturing)","1978","1978","LCU","0","Fc","Calculated data"
"PD","Deflators","21","Brazil","6180","Value Local Currency, 2015 prices","22028","Value Added Deflator (Manufacturing)","1979","1979","LCU","0","Fc","Calculated data"
"PD","Deflators","21","Brazil","6180","Value Local Currency, 2015 prices","22028","Value Added Deflator (Manufacturing)","1980","1980","LCU","0","Fc","Calculated data"
"PD","Deflators","21","Brazil","6180","Value Local Currency, 2015 prices","22028","Value Added Deflator (Manufacturing)","1981","1981","LCU","0","Fc","Calculated data"
"PD","Deflators","21","Brazil","6180","Value Local Currency, 2015 prices","22028","Value Added Deflator (Manufacturing)","1982","1982","LCU","0","Fc","Calculated data"
"PD","Deflators","21","Brazil","6180","Value Local Currency, 2015 prices","22028","Value Added Deflator (Manufacturing)","1983","1983","LCU","0","Fc","Calculated data"
"PD","Deflators","21","Brazil","6180","Value Local Currency, 2015 prices","22028","Value Added Deflator (Manufacturing)","1984","1984","LCU","0","Fc","Calculated data"
"PD","Deflators","21","Brazil","6180","Value Local Currency, 2015 prices","22028","Value Added Deflator (Manufacturing)","1985","1985","LCU","0","Fc","Calculated data"
"PD","Deflators","21","Brazil","6180","Value Local Currency, 2015 prices","22028","Value Added Deflator (Manufacturing)","1986","1986","LCU","0","Fc","Calculated data"
"PD","Deflators","21","Brazil","6180","Value Local Currency, 2015 prices","22028","Value Added Deflator (Manufacturing)","1987","1987","LCU","0","Fc","Calculated data"
"PD","Deflators","21","Brazil","6180","Value Local Currency, 2015 prices","22028","Value Added Deflator (Manufacturing)","1988","1988","LCU","0","Fc","Calculated data"
"PD","Deflators","21","Brazil","6180","Value Local Currency, 2015 prices","22028","Value Added Deflator (Manufacturing)","1989","1989","LCU","0","Fc","Calculated data"
"PD","Deflators","21","Brazil","6180","Value Local Currency, 2015 prices","22028","Value Added Deflator (Manufacturing)","1990","1990","LCU","0.0007","Fc","Calculated data"
"PD","Deflators","21","Brazil","6180","Value Local Currency, 2015 prices","22028","Value Added Deflator (Manufacturing)","1991","1991","LCU","0.0034","Fc","Calculated data"
"PD","Deflators","21","Brazil","6180","Value Local Currency, 2015 prices","22028","Value Added Deflator (Manufacturing)","1992","1992","LCU","0.038","Fc","Calculated data"
"PD","Deflators","21","Brazil","6180","Value Local Currency, 2015 prices","22028","Value Added Deflator (Manufacturing)","1993","1993","LCU","0.858","Fc","Calculated data"
"PD","Deflators","21","Brazil","6180","Value Local Currency, 2015 prices","22028","Value Added Deflator (Manufacturing)","1994","1994","LCU","17.8996","Fc","Calculated data"
"PD","Deflators","21","Brazil","6180","Value Local Currency, 2015 prices","22028","Value Added Deflator (Manufacturing)","1995","1995","LCU","20.0872","Fc","Calculated data"
"PD","Deflators","21","Brazil","6180","Value Local Currency, 2015 prices","22028","Value Added Deflator (Manufacturing)","1996","1996","LCU","21.8358","Fc","Calculated data"
"PD","Deflators","21","Brazil","6180","Value Local Currency, 2015 prices","22028","Value Added Deflator (Manufacturing)","1997","1997","LCU","23.6421","Fc","Calculated data"
"PD","Deflators","21","Brazil","6180","Value Local Currency, 2015 prices","22028","Value Added Deflator (Manufacturing)","1998","1998","LCU","24.4216","Fc","Calculated data"
"PD","Deflators","21","Brazil","6180","Value Local Currency, 2015 prices","22028","Value Added Deflator (Manufacturing)","1999","1999","LCU","27.3451","Fc","Calculated data"
"PD","Deflators","21","Brazil","6180","Value Local Currency, 2015 prices","22028","Value Added Deflator (Manufacturing)","2000","2000","LCU","30.4369","Fc","Calculated data"
"PD","Deflators","21","Brazil","6180","Value Local Currency, 2015 prices","22028","Value Added Deflator (Manufacturing)","2001","2001","LCU","32.9246","Fc","Calculated data"
"PD","Deflators","21","Brazil","6180","Value Local Currency, 2015 prices","22028","Value Added Deflator (Manufacturing)","2002","2002","LCU","35.9846","Fc","Calculated data"
"PD","Deflators","21","Brazil","6180","Value Local Currency, 2015 prices","22028","Value Added Deflator (Manufacturing)","2003","2003","LCU","43.6279","Fc","Calculated data"
"PD","Deflators","21","Brazil","6180","Value Local Currency, 2015 prices","22028","Value Added Deflator (Manufacturing)","2004","2004","LCU","47.645","Fc","Calculated data"
"PD","Deflators","21","Brazil","6180","Value Local Currency, 2015 prices","22028","Value Added Deflator (Manufacturing)","2005","2005","LCU","50.4299","Fc","Calculated data"
"PD","Deflators","21","Brazil","6180","Value Local Currency, 2015 prices","22028","Value Added Deflator (Manufacturing)","2006","2006","LCU","52.9362","Fc","Calculated data"
"PD","Deflators","21","Brazil","6180","Value Local Currency, 2015 prices","22028","Value Added Deflator (Manufacturing)","2007","2007","LCU","56.4877","Fc","Calculated data"
"PD","Deflators","21","Brazil","6180","Value Local Currency, 2015 prices","22028","Value Added Deflator (Manufacturing)","2008","2008","LCU","61.1318","Fc","Calculated data"
"PD","Deflators","21","Brazil","6180","Value Local Currency, 2015 prices","22028","Value Added Deflator (Manufacturing)","2009","2009","LCU","67.5748","Fc","Calculated data"
"PD","Deflators","21","Brazil","6180","Value Local Currency, 2015 prices","22028","Value Added Deflator (Manufacturing)","2010","2010","LCU","70.2866","Fc","Calculated data"
"PD","Deflators","21","Brazil","6180","Value Local Currency, 2015 prices","22028","Value Added Deflator (Manufacturing)","2011","2011","LCU","71.711","Fc","Calculated data"
"PD","Deflators","21","Brazil","6180","Value Local Currency, 2015 prices","22028","Value Added Deflator (Manufacturing)","2012","2012","LCU","73.2186","Fc","Calculated data"
"PD","Deflators","21","Brazil","6180","Value Local Currency, 2015 prices","22028","Value Added Deflator (Manufacturing)","2013","2013","LCU","77.2594","Fc","Calculated data"
"PD","Deflators","21","Brazil","6180","Value Local Currency, 2015 prices","22028","Value Added Deflator (Manufacturing)","2014","2014","LCU","86.6648","Fc","Calculated data"
"PD","Deflators","21","Brazil","6180","Value Local Currency, 2015 prices","22028","Value Added Deflator (Manufacturing)","2015","2015","LCU","100","Fc","Calculated data"
"PD","Deflators","21","Brazil","6180","Value Local Currency, 2015 prices","22028","Value Added Deflator (Manufacturing)","2016","2016","LCU","112.567","Fc","Calculated data"
"PD","Deflators","21","Brazil","6180","Value Local Currency, 2015 prices","22028","Value Added Deflator (Manufacturing)","2017","2017","LCU","114.792","Fc","Calculated data"
"PD","Deflators","21","Brazil","6180","Value Local Currency, 2015 prices","22028","Value Added Deflator (Manufacturing)","2018","2018","LCU","107.978","Fc","Calculated data"
"PD","Deflators","21","Brazil","6180","Value Local Currency, 2015 prices","22028","Value Added Deflator (Manufacturing)","2019","2019","LCU","109.654","Fc","Calculated data"
"PD","Deflators","21","Brazil","6179","Value US$, 2015 prices","22028","Value Added Deflator (Manufacturing)","1970","1970","US$","15.8456","Fc","Calculated data"
"PD","Deflators","21","Brazil","6179","Value US$, 2015 prices","22028","Value Added Deflator (Manufacturing)","1971","1971","US$","16.2408","Fc","Calculated data"
"PD","Deflators","21","Brazil","6179","Value US$, 2015 prices","22028","Value Added Deflator (Manufacturing)","1972","1972","US$","18.7408","Fc","Calculated data"
"PD","Deflators","21","Brazil","6179","Value US$, 2015 prices","22028","Value Added Deflator (Manufacturing)","1973","1973","US$","25.0257","Fc","Calculated data"
"PD","Deflators","21","Brazil","6179","Value US$, 2015 prices","22028","Value Added Deflator (Manufacturing)","1974","1974","US$","30.6035","Fc","Calculated data"
"PD","Deflators","21","Brazil","6179","Value US$, 2015 prices","22028","Value Added Deflator (Manufacturing)","1975","1975","US$","34.6355","Fc","Calculated data"
"PD","Deflators","21","Brazil","6179","Value US$, 2015 prices","22028","Value Added Deflator (Manufacturing)","1976","1976","US$","36.1786","Fc","Calculated data"
"PD","Deflators","21","Brazil","6179","Value US$, 2015 prices","22028","Value Added Deflator (Manufacturing)","1977","1977","US$","39.2297","Fc","Calculated data"
"PD","Deflators","21","Brazil","6179","Value US$, 2015 prices","22028","Value Added Deflator (Manufacturing)","1978","1978","US$","43.3836","Fc","Calculated data"
"PD","Deflators","21","Brazil","6179","Value US$, 2015 prices","22028","Value Added Deflator (Manufacturing)","1979","1979","US$","45.4359","Fc","Calculated data"
"PD","Deflators","21","Brazil","6179","Value US$, 2015 prices","22028","Value Added Deflator (Manufacturing)","1980","1980","US$","43.7805","Fc","Calculated data"
"PD","Deflators","21","Brazil","6179","Value US$, 2015 prices","22028","Value Added Deflator (Manufacturing)","1981","1981","US$","55.2653","Fc","Calculated data"
"PD","Deflators","21","Brazil","6179","Value US$, 2015 prices","22028","Value Added Deflator (Manufacturing)","1982","1982","US$","60.5808","Fc","Calculated data"
"PD","Deflators","21","Brazil","6179","Value US$, 2015 prices","22028","Value Added Deflator (Manufacturing)","1983","1983","US$","45.649","Fc","Calculated data"
"PD","Deflators","21","Brazil","6179","Value US$, 2015 prices","22028","Value Added Deflator (Manufacturing)","1984","1984","US$","44.3365","Fc","Calculated data"
"PD","Deflators","21","Brazil","6179","Value US$, 2015 prices","22028","Value Added Deflator (Manufacturing)","1985","1985","US$","46.242","Fc","Calculated data"
"PD","Deflators","21","Brazil","6179","Value US$, 2015 prices","22028","Value Added Deflator (Manufacturing)","1986","1986","US$","47.2299","Fc","Calculated data"
"PD","Deflators","21","Brazil","6179","Value US$, 2015 prices","22028","Value Added Deflator (Manufacturing)","1987","1987","US$","49.9636","Fc","Calculated data"
"PD","Deflators","21","Brazil","6179","Value US$, 2015 prices","22028","Value Added Deflator (Manufacturing)","1988","1988","US$","57.3826","Fc","Calculated data"
"PD","Deflators","21","Brazil","6179","Value US$, 2015 prices","22028","Value Added Deflator (Manufacturing)","1989","1989","US$","74.0369","Fc","Calculated data"
"PD","Deflators","21","Brazil","6179","Value US$, 2015 prices","22028","Value Added Deflator (Manufacturing)","1990","1990","US$","74.9464","Fc","Calculated data"
"PD","Deflators","21","Brazil","6179","Value US$, 2015 prices","22028","Value Added Deflator (Manufacturing)","1991","1991","US$","65.0313","Fc","Calculated data"
"PD","Deflators","21","Brazil","6179","Value US$, 2015 prices","22028","Value Added Deflator (Manufacturing)","1992","1992","US$","64.8106","Fc","Calculated data"
"PD","Deflators","21","Brazil","6179","Value US$, 2015 prices","22028","Value Added Deflator (Manufacturing)","1993","1993","US$","74.5766","Fc","Calculated data"
"PD","Deflators","21","Brazil","6179","Value US$, 2015 prices","22028","Value Added Deflator (Manufacturing)","1994","1994","US$","89.5917","Fc","Calculated data"
"PD","Deflators","21","Brazil","6179","Value US$, 2015 prices","22028","Value Added Deflator (Manufacturing)","1995","1995","US$","72.8242","Fc","Calculated data"
"PD","Deflators","21","Brazil","6179","Value US$, 2015 prices","22028","Value Added Deflator (Manufacturing)","1996","1996","US$","72.2769","Fc","Calculated data"
"PD","Deflators","21","Brazil","6179","Value US$, 2015 prices","22028","Value Added Deflator (Manufacturing)","1997","1997","US$","72.9645","Fc","Calculated data"
"PD","Deflators","21","Brazil","6179","Value US$, 2015 prices","22028","Value Added Deflator (Manufacturing)","1998","1998","US$","70.0106","Fc","Calculated data"
"PD","Deflators","21","Brazil","6179","Value US$, 2015 prices","22028","Value Added Deflator (Manufacturing)","1999","1999","US$","50.1533","Fc","Calculated data"
"PD","Deflators","21","Brazil","6179","Value US$, 2015 prices","22028","Value Added Deflator (Manufacturing)","2000","2000","US$","55.3512","Fc","Calculated data"
"PD","Deflators","21","Brazil","6179","Value US$, 2015 prices","22028","Value Added Deflator (Manufacturing)","2001","2001","US$","46.6187","Fc","Calculated data"
"PD","Deflators","21","Brazil","6179","Value US$, 2015 prices","22028","Value Added Deflator (Manufacturing)","2002","2002","US$","40.994","Fc","Calculated data"
"PD","Deflators","21","Brazil","6179","Value US$, 2015 prices","22028","Value Added Deflator (Manufacturing)","2003","2003","US$","47.1639","Fc","Calculated data"
"PD","Deflators","21","Brazil","6179","Value US$, 2015 prices","22028","Value Added Deflator (Manufacturing)","2004","2004","US$","54.1894","Fc","Calculated data"
"PD","Deflators","21","Brazil","6179","Value US$, 2015 prices","22028","Value Added Deflator (Manufacturing)","2005","2005","US$","68.9189","Fc","Calculated data"
"PD","Deflators","21","Brazil","6179","Value US$, 2015 prices","22028","Value Added Deflator (Manufacturing)","2006","2006","US$","80.9596","Fc","Calculated data"
"PD","Deflators","21","Brazil","6179","Value US$, 2015 prices","22028","Value Added Deflator (Manufacturing)","2007","2007","US$","96.5195","Fc","Calculated data"
"PD","Deflators","21","Brazil","6179","Value US$, 2015 prices","22028","Value Added Deflator (Manufacturing)","2008","2008","US$","110.908","Fc","Calculated data"
"PD","Deflators","21","Brazil","6179","Value US$, 2015 prices","22028","Value Added Deflator (Manufacturing)","2009","2009","US$","112.44","Fc","Calculated data"
"PD","Deflators","21","Brazil","6179","Value US$, 2015 prices","22028","Value Added Deflator (Manufacturing)","2010","2010","US$","132.92","Fc","Calculated data"
"PD","Deflators","21","Brazil","6179","Value US$, 2015 prices","22028","Value Added Deflator (Manufacturing)","2011","2011","US$","142.618","Fc","Calculated data"
"PD","Deflators","21","Brazil","6179","Value US$, 2015 prices","22028","Value Added Deflator (Manufacturing)","2012","2012","US$","124.722","Fc","Calculated data"
"PD","Deflators","21","Brazil","6179","Value US$, 2015 prices","22028","Value Added Deflator (Manufacturing)","2013","2013","US$","119.213","Fc","Calculated data"
"PD","Deflators","21","Brazil","6179","Value US$, 2015 prices","22028","Value Added Deflator (Manufacturing)","2014","2014","US$","122.538","Fc","Calculated data"
"PD","Deflators","21","Brazil","6179","Value US$, 2015 prices","22028","Value Added Deflator (Manufacturing)","2015","2015","US$","100","Fc","Calculated data"
"PD","Deflators","21","Brazil","6179","Value US$, 2015 prices","22028","Value Added Deflator (Manufacturing)","2016","2016","US$","107.266","Fc","Calculated data"
"PD","Deflators","21","Brazil","6179","Value US$, 2015 prices","22028","Value Added Deflator (Manufacturing)","2017","2017","US$","119.667","Fc","Calculated data"
"PD","Deflators","21","Brazil","6179","Value US$, 2015 prices","22028","Value Added Deflator (Manufacturing)","2018","2018","US$","98.3169","Fc","Calculated data"
"PD","Deflators","21","Brazil","6179","Value US$, 2015 prices","22028","Value Added Deflator (Manufacturing)","2019","2019","US$","92.8892","Fc","Calculated data"
